"firstname","lastname","email"
"firstname","lastname","email@email.ua"
"firstname","lastname","email@email.ua"
"firstname","lastname","email@email.ua"
"firstname","lastname","email@email.ua"
"firstname","lastname","email@email.ua"
"firstname","lastname","email@email.ua"
"firstname","lastname","email@email.ua"
"firstname","lastname","email@email.ua"
"firstname","lastname","email@email.ua"
"firstname","lastname","email@email.ua"
"firstname","lastname","email@email.ua"
"firstname","lastname","email@email.ua"
"firstname","lastname","email@email.ua"
"firstname","lastname","email@email.ua"
"firstname","lastname","email@email.ua"
"firstname","lastname","email@email.ua"
"firstname","lastname","email@email.ua"
"firstname","lastname","email@email.ua"
"firstname","lastname","email@email.ua"
"firstname","lastname","email@email.ua"
"firstname","lastname","email@email.ua"
"firstname","lastname","email@email.ua"
"firstname","lastname","email@email.ua"
"firstname","lastname","email@email.ua"
"firstname","lastname","email@email.ua"
"firstname","lastname","email@email.ua"
"firstname","lastname","email@email.ua"
"firstname","lastname","email@email.ua"
"firstname","lastname","email@email.ua"
"firstname","lastname","email@email.ua"
"firstname","lastname","email@email.ua"
"firstname","lastname","email@email.ua"
"firstname","lastname","email@email.ua"
"firstname","lastname","email@email.ua"
"firstname","lastname","email@email.ua"
"firstname","lastname","email@email.ua"
"firstname","lastname","email@email.ua"
"firstname","lastname","email@email.ua"
"firstname","lastname","email@email.ua"
"firstname","lastname","email@email.ua"
"firstname","lastname","email@email.ua"
"firstname","lastname","email@email.ua"
"firstname","lastname","email@email.ua"
"firstname","lastname","email@email.ua"
"firstname","lastname","email@email.ua"
"firstname","lastname","email@email.ua"
"firstname","lastname","email@email.ua"
"firstname","lastname","email@email.ua"
"firstname","lastname","email@email.ua"
"firstname","lastname","email@email.ua"
"firstname","lastname","email@email.ua"
"firstname","lastname","email@email.ua"
"firstname","lastname","email@email.ua"
"firstname","lastname","email@email.ua"
"firstname","lastname","email@email.ua"
"firstname","lastname","email@email.ua"
"firstname","lastname","email@email.ua"
"firstname","lastname","email@email.ua"
"firstname","lastname","email@email.ua"
"firstname","lastname","email@email.ua"
"firstname","lastname","email@email.ua"
"firstname","lastname","email@email.ua"
"firstname","lastname","email@email.ua"
"firstname","lastname","email@email.ua"
"firstname","lastname","email@email.ua"
"firstname","lastname","email@email.ua"
"firstname","lastname","email@email.ua"
"firstname","lastname","email@email.ua"
"firstname","lastname","email@email.ua"
"firstname","lastname","email@email.ua"
"firstname","lastname","email@email.ua"
"firstname","lastname","email@email.ua"
"firstname","lastname","email@email.ua"
"firstname","lastname","email@email.ua"
"firstname","lastname","email@email.ua"
"firstname","lastname","email@email.ua"
"firstname","lastname","email@email.ua"
"firstname","lastname","email@email.ua"
"firstname","lastname","email@email.ua"
"firstname","lastname","email@email.ua"
"firstname","lastname","email@email.ua"
"firstname","lastname","email@email.ua"
"firstname","lastname","email@email.ua"
"firstname","lastname","email@email.ua"
"firstname","lastname","email@email.ua"
"firstname","lastname","email@email.ua"
"firstname","lastname","email@email.ua"
"firstname","lastname","email@email.ua"
"firstname","lastname","email@email.ua"
"firstname","lastname","email@email.ua"
"firstname","lastname","email@email.ua"
"firstname","lastname","email@email.ua"
"firstname","lastname","email@email.ua"
"firstname","lastname","email@email.ua"
"firstname","lastname","email@email.ua"
"firstname","lastname","email@email.ua"
"firstname","lastname","email@email.ua"
"firstname","lastname","email@email.ua"
"firstname","lastname","email@email.ua"
"firstname","lastname","email@email.ua"
"firstname","lastname","email@email.ua"
"firstname","lastname","email@email.ua"
"firstname","lastname","email@email.ua"
"firstname","lastname","email@email.ua"
"firstname","lastname","email@email.ua"
"firstname","lastname","email@email.ua"
"firstname","lastname","email@email.ua"
"firstname","lastname","email@email.ua"
"firstname","lastname","email@email.ua"
"firstname","lastname","email@email.ua"
"firstname","lastname","email@email.ua"
"firstname","lastname","email@email.ua"
"firstname","lastname","email@email.ua"
"firstname","lastname","email@email.ua"
"firstname","lastname","email@email.ua"
"firstname","lastname","email@email.ua"
"firstname","lastname","email@email.ua"
"firstname","lastname","email@email.ua"
"firstname","lastname","email@email.ua"
"firstname","lastname","email@email.ua"
"firstname","lastname","email@email.ua"
"firstname","lastname","email@email.ua"
"firstname","lastname","email@email.ua"
"firstname","lastname","email@email.ua"
"firstname","lastname","email@email.ua"
"firstname","lastname","email@email.ua"
"firstname","lastname","email@email.ua"
"firstname","lastname","email@email.ua"
"firstname","lastname","email@email.ua"
"firstname","lastname","email@email.ua"
"firstname","lastname","email@email.ua"
"firstname","lastname","email@email.ua"
"firstname","lastname","email@email.ua"
"firstname","lastname","email@email.ua"
"firstname","lastname","email@email.ua"
"firstname","lastname","email@email.ua"
"firstname","lastname","email@email.ua"
"firstname","lastname","email@email.ua"
"firstname","lastname","email@email.ua"
"firstname","lastname","email@email.ua"
"firstname","lastname","email@email.ua"
"firstname","lastname","email@email.ua"
"firstname","lastname","email@email.ua"
"firstname","lastname","email@email.ua"
"firstname","lastname","email@email.ua"
"firstname","lastname","email@email.ua"
"firstname","lastname","email@email.ua"
"firstname","lastname","email@email.ua"
"firstname","lastname","email@email.ua"
"firstname","lastname","email@email.ua"
"firstname","lastname","email@email.ua"
"firstname","lastname","email@email.ua"
"firstname","lastname","email@email.ua"
"firstname","lastname","email@email.ua"
"firstname","lastname","email@email.ua"
"firstname","lastname","email@email.ua"
"firstname","lastname","email@email.ua"
"firstname","lastname","email@email.ua"
"firstname","lastname","email@email.ua"
"firstname","lastname","email@email.ua"
"firstname","lastname","email@email.ua"
"firstname","lastname","email@email.ua"
"firstname","lastname","email@email.ua"
"firstname","lastname","email@email.ua"
"firstname","lastname","email@email.ua"
"firstname","lastname","email@email.ua"
"firstname","lastname","email@email.ua"
"firstname","lastname","email@email.ua"
"firstname","lastname","email@email.ua"
"firstname","lastname","email@email.ua"
"firstname","lastname","email@email.ua"
"firstname","lastname","email@email.ua"
"firstname","lastname","email@email.ua"
"firstname","lastname","email@email.ua"
"firstname","lastname","email@email.ua"
"firstname","lastname","email@email.ua"
"firstname","lastname","email@email.ua"
"firstname","lastname","email@email.ua"
"firstname","lastname","email@email.ua"
"firstname","lastname","email@email.ua"
"firstname","lastname","email@email.ua"
"firstname","lastname","email@email.ua"
"firstname","lastname","email@email.ua"
"firstname","lastname","email@email.ua"
"firstname","lastname","email@email.ua"
"firstname","lastname","email@email.ua"
"firstname","lastname","email@email.ua"
"firstname","lastname","email@email.ua"
"firstname","lastname","email@email.ua"
"firstname","lastname","email@email.ua"
"firstname","lastname","email@email.ua"
"firstname","lastname","email@email.ua"
"firstname","lastname","email@email.ua"
"firstname","lastname","email@email.ua"
"firstname","lastname","email@email.ua"
"firstname","lastname","email@email.ua"
"firstname","lastname","email@email.ua"
"firstname","lastname","email@email.ua"
"firstname","lastname","email@email.ua"
"firstname","lastname","email@email.ua"
"firstname","lastname","email@email.ua"
"firstname","lastname","email@email.ua"
"firstname","lastname","email@email.ua"
"firstname","lastname","email@email.ua"
"firstname","lastname","email@email.ua"
"firstname","lastname","email@email.ua"
"firstname","lastname","email@email.ua"
"firstname","lastname","email@email.ua"
"firstname","lastname","email@email.ua"
"firstname","lastname","email@email.ua"
"firstname","lastname","email@email.ua"
"firstname","lastname","email@email.ua"
"firstname","lastname","email@email.ua"
"firstname","lastname","email@email.ua"
"firstname","lastname","email@email.ua"
"firstname","lastname","email@email.ua"
"firstname","lastname","email@email.ua"
"firstname","lastname","email@email.ua"
"firstname","lastname","email@email.ua"
"firstname","lastname","email@email.ua"
"firstname","lastname","email@email.ua"
"firstname","lastname","email@email.ua"
"firstname","lastname","email@email.ua"
"firstname","lastname","email@email.ua"
"firstname","lastname","email@email.ua"
"firstname","lastname","email@email.ua"
"firstname","lastname","email@email.ua"
"firstname","lastname","email@email.ua"
"firstname","lastname","email@email.ua"
"firstname","lastname","email@email.ua"
"firstname","lastname","email@email.ua"
"firstname","lastname","email@email.ua"
"firstname","lastname","email@email.ua"
"firstname","lastname","email@email.ua"
"firstname","lastname","email@email.ua"
"firstname","lastname","email@email.ua"
"firstname","lastname","email@email.ua"
"firstname","lastname","email@email.ua"
"firstname","lastname","email@email.ua"
"firstname","lastname","email@email.ua"
"firstname","lastname","email@email.ua"
"firstname","lastname","email@email.ua"
"firstname","lastname","email@email.ua"
"firstname","lastname","email@email.ua"
"firstname","lastname","email@email.ua"
"firstname","lastname","email@email.ua"
"firstname","lastname","email@email.ua"
"firstname","lastname","email@email.ua"
"firstname","lastname","email@email.ua"
"firstname","lastname","email@email.ua"
"firstname","lastname","email@email.ua"
"firstname","lastname","email@email.ua"
"firstname","lastname","email@email.ua"
"firstname","lastname","email@email.ua"
"firstname","lastname","email@email.ua"
"firstname","lastname","email@email.ua"
"firstname","lastname","email@email.ua"
"firstname","lastname","email@email.ua"
"firstname","lastname","email@email.ua"
"firstname","lastname","email@email.ua"
"firstname","lastname","email@email.ua"
"firstname","lastname","email@email.ua"
"firstname","lastname","email@email.ua"
"firstname","lastname","email@email.ua"
"firstname","lastname","email@email.ua"
"firstname","lastname","email@email.ua"
"firstname","lastname","email@email.ua"
"firstname","lastname","email@email.ua"
"firstname","lastname","email@email.ua"
"firstname","lastname","email@email.ua"
"firstname","lastname","email@email.ua"
"firstname","lastname","email@email.ua"
"firstname","lastname","email@email.ua"
"firstname","lastname","email@email.ua"
"firstname","lastname","email@email.ua"
"firstname","lastname","email@email.ua"
"firstname","lastname","email@email.ua"
"firstname","lastname","email@email.ua"
"firstname","lastname","email@email.ua"
"firstname","lastname","email@email.ua"
"firstname","lastname","email@email.ua"
"firstname","lastname","email@email.ua"
"firstname","lastname","email@email.ua"
"firstname","lastname","email@email.ua"
"firstname","lastname","email@email.ua"
"firstname","lastname","email@email.ua"
"firstname","lastname","email@email.ua"
"firstname","lastname","email@email.ua"
"firstname","lastname","email@email.ua"
"firstname","lastname","email@email.ua"
"firstname","lastname","email@email.ua"
"firstname","lastname","email@email.ua"
"firstname","lastname","email@email.ua"
"firstname","lastname","email@email.ua"
"firstname","lastname","email@email.ua"
"firstname","lastname","email@email.ua"
"firstname","lastname","email@email.ua"
"firstname","lastname","email@email.ua"
"firstname","lastname","email@email.ua"
"firstname","lastname","email@email.ua"
"firstname","lastname","email@email.ua"
"firstname","lastname","email@email.ua"
"firstname","lastname","email@email.ua"
"firstname","lastname","email@email.ua"
"firstname","lastname","email@email.ua"
"firstname","lastname","email@email.ua"
"firstname","lastname","email@email.ua"
"firstname","lastname","email@email.ua"
"firstname","lastname","email@email.ua"
"firstname","lastname","email@email.ua"
"firstname","lastname","email@email.ua"
"firstname","lastname","email@email.ua"
"firstname","lastname","email@email.ua"
"firstname","lastname","email@email.ua"
"firstname","lastname","email@email.ua"
"firstname","lastname","email@email.ua"
"firstname","lastname","email@email.ua"
"firstname","lastname","email@email.ua"
"firstname","lastname","email@email.ua"
"firstname","lastname","email@email.ua"
"firstname","lastname","email@email.ua"
"firstname","lastname","email@email.ua"
"firstname","lastname","email@email.ua"
"firstname","lastname","email@email.ua"
"firstname","lastname","email@email.ua"
"firstname","lastname","email@email.ua"
"firstname","lastname","email@email.ua"
"firstname","lastname","email@email.ua"
"firstname","lastname","email@email.ua"
"firstname","lastname","email@email.ua"
"firstname","lastname","email@email.ua"
"firstname","lastname","email@email.ua"
"firstname","lastname","email@email.ua"
"firstname","lastname","email@email.ua"
"firstname","lastname","email@email.ua"
"firstname","lastname","email@email.ua"
"firstname","lastname","email@email.ua"
"firstname","lastname","email@email.ua"
"firstname","lastname","email@email.ua"
"firstname","lastname","email@email.ua"
"firstname","lastname","email@email.ua"
"firstname","lastname","email@email.ua"
"firstname","lastname","email@email.ua"
"firstname","lastname","email@email.ua"
"firstname","lastname","email@email.ua"
"firstname","lastname","email@email.ua"
"firstname","lastname","email@email.ua"
"firstname","lastname","email@email.ua"
"firstname","lastname","email@email.ua"
"firstname","lastname","email@email.ua"
"firstname","lastname","email@email.ua"
"firstname","lastname","email@email.ua"
"firstname","lastname","email@email.ua"
"firstname","lastname","email@email.ua"
"firstname","lastname","email@email.ua"
"firstname","lastname","email@email.ua"
"firstname","lastname","email@email.ua"
"firstname","lastname","email@email.ua"
"firstname","lastname","email@email.ua"
"firstname","lastname","email@email.ua"
"firstname","lastname","email@email.ua"
"firstname","lastname","email@email.ua"
"firstname","lastname","email@email.ua"
"firstname","lastname","email@email.ua"
"firstname","lastname","email@email.ua"
"firstname","lastname","email@email.ua"
"firstname","lastname","email@email.ua"
"firstname","lastname","email@email.ua"
"firstname","lastname","email@email.ua"
"firstname","lastname","email@email.ua"
"firstname","lastname","email@email.ua"
"firstname","lastname","email@email.ua"
"firstname","lastname","email@email.ua"
"firstname","lastname","email@email.ua"
"firstname","lastname","email@email.ua"
"firstname","lastname","email@email.ua"
"firstname","lastname","email@email.ua"
"firstname","lastname","email@email.ua"
"firstname","lastname","email@email.ua"
"firstname","lastname","email@email.ua"
"firstname","lastname","email@email.ua"
"firstname","lastname","email@email.ua"
"firstname","lastname","email@email.ua"
"firstname","lastname","email@email.ua"
"firstname","lastname","email@email.ua"
"firstname","lastname","email@email.ua"
"firstname","lastname","email@email.ua"
"firstname","lastname","email@email.ua"
"firstname","lastname","email@email.ua"
"firstname","lastname","email@email.ua"
"firstname","lastname","email@email.ua"
"firstname","lastname","email@email.ua"
"firstname","lastname","email@email.ua"
"firstname","lastname","email@email.ua"
"firstname","lastname","email@email.ua"
"firstname","lastname","email@email.ua"
"firstname","lastname","email@email.ua"
"firstname","lastname","email@email.ua"
"firstname","lastname","email@email.ua"
"firstname","lastname","email@email.ua"
"firstname","lastname","email@email.ua"
"firstname","lastname","email@email.ua"
"firstname","lastname","email@email.ua"
"firstname","lastname","email@email.ua"
"firstname","lastname","email@email.ua"
"firstname","lastname","email@email.ua"
"firstname","lastname","email@email.ua"
"firstname","lastname","email@email.ua"
"firstname","lastname","email@email.ua"
"firstname","lastname","email@email.ua"
"firstname","lastname","email@email.ua"
"firstname","lastname","email@email.ua"
"firstname","lastname","email@email.ua"
"firstname","lastname","email@email.ua"
"firstname","lastname","email@email.ua"
"firstname","lastname","email@email.ua"
"firstname","lastname","email@email.ua"
"firstname","lastname","email@email.ua"
"firstname","lastname","email@email.ua"
"firstname","lastname","email@email.ua"
"firstname","lastname","email@email.ua"
"firstname","lastname","email@email.ua"
"firstname","lastname","email@email.ua"
"firstname","lastname","email@email.ua"
"firstname","lastname","email@email.ua"
"firstname","lastname","email@email.ua"
"firstname","lastname","email@email.ua"
"firstname","lastname","email@email.ua"
"firstname","lastname","email@email.ua"
"firstname","lastname","email@email.ua"
"firstname","lastname","email@email.ua"
"firstname","lastname","email@email.ua"
"firstname","lastname","email@email.ua"
"firstname","lastname","email@email.ua"
"firstname","lastname","email@email.ua"
"firstname","lastname","email@email.ua"
"firstname","lastname","email@email.ua"
"firstname","lastname","email@email.ua"
"firstname","lastname","email@email.ua"
"firstname","lastname","email@email.ua"
"firstname","lastname","email@email.ua"
"firstname","lastname","email@email.ua"
"firstname","lastname","email@email.ua"
"firstname","lastname","email@email.ua"
"firstname","lastname","email@email.ua"
"firstname","lastname","email@email.ua"
"firstname","lastname","email@email.ua"
"firstname","lastname","email@email.ua"
"firstname","lastname","email@email.ua"
"firstname","lastname","email@email.ua"
"firstname","lastname","email@email.ua"
"firstname","lastname","email@email.ua"
"firstname","lastname","email@email.ua"
"firstname","lastname","email@email.ua"
"firstname","lastname","email@email.ua"
"firstname","lastname","email@email.ua"
"firstname","lastname","email@email.ua"
"firstname","lastname","email@email.ua"
"firstname","lastname","email@email.ua"
"firstname","lastname","email@email.ua"
"firstname","lastname","email@email.ua"
"firstname","lastname","email@email.ua"
"firstname","lastname","email@email.ua"
"firstname","lastname","email@email.ua"
"firstname","lastname","email@email.ua"
"firstname","lastname","email@email.ua"
"firstname","lastname","email@email.ua"
"firstname","lastname","email@email.ua"
"firstname","lastname","email@email.ua"
"firstname","lastname","email@email.ua"
"firstname","lastname","email@email.ua"
"firstname","lastname","email@email.ua"
"firstname","lastname","email@email.ua"
"firstname","lastname","email@email.ua"
"firstname","lastname","email@email.ua"
"firstname","lastname","email@email.ua"
"firstname","lastname","email@email.ua"
"firstname","lastname","email@email.ua"
"firstname","lastname","email@email.ua"
"firstname","lastname","email@email.ua"
"firstname","lastname","email@email.ua"
"firstname","lastname","email@email.ua"
"firstname","lastname","email@email.ua"
"firstname","lastname","email@email.ua"
"firstname","lastname","email@email.ua"
"firstname","lastname","email@email.ua"
"firstname","lastname","email@email.ua"
"firstname","lastname","email@email.ua"
"firstname","lastname","email@email.ua"
"firstname","lastname","email@email.ua"
"firstname","lastname","email@email.ua"
"firstname","lastname","email@email.ua"
"firstname","lastname","email@email.ua"
"firstname","lastname","email@email.ua"
"firstname","lastname","email@email.ua"
"firstname","lastname","email@email.ua"
"firstname","lastname","email@email.ua"
"firstname","lastname","email@email.ua"
"firstname","lastname","email@email.ua"
